{
  "lang":"ru",
  "name":"pipeline",
  "version":"0.0.0",
  "spacy_version":">=3.8.2,<3.9.0",
  "description":"",
  "author":"",
  "email":"",
  "url":"",
  "license":"",
  "spacy_git_version":"63f1b53",
  "vectors":{
    "width":0,
    "vectors":0,
    "keys":0,
    "name":null,
    "mode":"default"
  },
  "labels":{
    "tok2vec":[

    ],
    "ner":[
      "DATE",
      "LOC",
      "MISC",
      "MONEY",
      "ORG",
      "PER",
      "PRODUCT",
      "ROLE"
    ]
  },
  "pipeline":[
    "tok2vec",
    "ner"
  ],
  "components":[
    "tok2vec",
    "ner"
  ],
  "disabled":[

  ],
  "performance":{
    "ents_f":0.9976827094,
    "ents_p":0.9975049011,
    "ents_r":0.9978605812,
    "ents_per_type":{
      "PRODUCT":{
        "p":1.0,
        "r":1.0,
        "f":1.0
      },
      "MONEY":{
        "p":1.0,
        "r":1.0,
        "f":1.0
      },
      "ORG":{
        "p":0.9942528736,
        "r":0.9971181556,
        "f":0.9956834532
      },
      "PER":{
        "p":1.0,
        "r":1.0,
        "f":1.0
      },
      "DATE":{
        "p":0.997329773,
        "r":0.9946737683,
        "f":0.996
      },
      "LOC":{
        "p":0.9964747356,
        "r":0.9988221437,
        "f":0.9976470588
      },
      "MISC":{
        "p":1.0,
        "r":0.9918918919,
        "f":0.9959294437
      },
      "ROLE":{
        "p":0.9677419355,
        "r":1.0,
        "f":0.9836065574
      }
    },
    "tok2vec_loss":1107.2581037135,
    "ner_loss":236.7088928223
  }
}