{
  "lang":"ru",
  "name":"pipeline",
  "version":"0.0.0",
  "spacy_version":">=3.8.2,<3.9.0",
  "description":"",
  "author":"",
  "email":"",
  "url":"",
  "license":"",
  "spacy_git_version":"63f1b53",
  "vectors":{
    "width":0,
    "vectors":0,
    "keys":0,
    "name":null,
    "mode":"default"
  },
  "labels":{
    "tok2vec":[

    ],
    "ner":[
      "DATE",
      "LOC",
      "MISC",
      "MONEY",
      "ORG",
      "PER",
      "PRODUCT",
      "ROLE"
    ]
  },
  "pipeline":[
    "tok2vec",
    "ner"
  ],
  "components":[
    "tok2vec",
    "ner"
  ],
  "disabled":[

  ],
  "performance":{
    "ents_f":0.9977720346,
    "ents_p":0.9975053457,
    "ents_r":0.9980388661,
    "ents_per_type":{
      "PRODUCT":{
        "p":1.0,
        "r":1.0,
        "f":1.0
      },
      "MONEY":{
        "p":1.0,
        "r":1.0,
        "f":1.0
      },
      "ORG":{
        "p":0.9949640288,
        "r":0.9963976945,
        "f":0.9956803456
      },
      "PER":{
        "p":1.0,
        "r":0.9991561181,
        "f":0.999577881
      },
      "DATE":{
        "p":0.9946949602,
        "r":0.9986684421,
        "f":0.9966777409
      },
      "LOC":{
        "p":0.9976442874,
        "r":0.9976442874,
        "f":0.9976442874
      },
      "MISC":{
        "p":0.9972972973,
        "r":0.9972972973,
        "f":0.9972972973
      },
      "ROLE":{
        "p":1.0,
        "r":0.9666666667,
        "f":0.9830508475
      }
    },
    "tok2vec_loss":953.605957863,
    "ner_loss":275.1580810547
  }
}